-- INSERT INTO "public"."studio" ("studio_id", "name", "location", "created_date", "updated_at") VALUES ('1', 'Studio12', 'London', '2025-03-13 02:22:27.665995+00', '2025-03-13 02:22:27.665995+00'), ('2', 'Lagos Boxing Studio', 'Lekki Phase 1', '2025-03-15 13:27:54.143943+00', '2025-03-15 13:27:54.143943+00'), ('3', 'Test Studio', 'Test Loca', '2025-03-17 16:55:06.081677+00', '2025-03-17 16:55:06.081677+00'), ('4', 'Test Studio1', 'Test Locat', '2025-03-17 17:07:35.716619+00', '2025-03-17 17:07:35.716619+00');

-- INSERT INTO "public"."instructor" ("id", "first_name", "last_name", "email", "password", "created_at", "updated_at") VALUES ('1', 'Instructor1', 'Doe', 'instructor1@example.com', '$2b$10$Yr6j8xzZqqaIYZ4zDshilOet4fqUgFjQgV3RWsY2tqaS.Z42KaMOi', '2025-03-13 02:22:27.665995+00', '2025-03-13 02:22:27.665995+00'), ('2', 'Instructor2', 'Doe', 'instructor22@example.com', '$2b$10$B0VbJifNl1k1Mrm5UaEUvex5nP/P3JZQ/CKh7ZrA1wV9of5eJ5ouS', '2025-03-15 10:53:44.131656+00', '2025-03-15 10:53:44.131656+00'), ('3', 'Instructor3', 'doe', 'instructor3@example.com', '$2b$10$k0YP7JlEKVbTP2dBuwzRbOd1dcgHDbPxnHmRvTJVXq7f6XvCD06nC', '2025-03-15 13:27:54.143943+00', '2025-03-15 13:27:54.143943+00'), ('8', 'Test', 'Test', 'test@test.com', '$2b$10$Y.5ECKKTTgl4kjFgMFYqBe7.8j.mWKbJPJTqA8TwIt0i0Zth2xa56', '2025-03-17 16:55:06.081677+00', '2025-03-17 16:55:06.081677+00'), ('9', 'Test', 'Test', 'test@test1.com', '$2b$10$aH2hoUjPzS0jnAbapJMgduxg6axilFvasK3q4xhIR9igSBQBjPFFO', '2025-03-17 17:07:35.716619+00', '2025-03-17 17:07:35.716619+00');

-- INSERT INTO "public"."studio_instructor" ("studio_id", "instructor_id", "is_approved", "created_at", "updated_at", "studio_instructor_id", "is_admin") VALUES ('1', '1', 'true', '2025-03-13 02:22:27.665995+00', '2025-03-14 15:40:07.916581+00', '1', 'true'), ('1', '2', 'true', '2025-03-15 11:25:13.767146+00', '2025-03-15 14:01:36.714646+00', '5', 'false'), ('2', '3', 'true', '2025-03-15 13:27:54.143943+00', '2025-03-15 13:27:54.143943+00', '6', 'false'), ('2', '1', 'false', '2025-03-15 14:04:37.012636+00', '2025-03-17 16:32:47.703588+00', '7', 'true'), ('3', '8', 'true', '2025-03-17 16:55:06.081677+00', '2025-03-17 16:55:06.081677+00', '13', 'false'), ('4', '9', 'true', '2025-03-17 17:07:35.716619+00', '2025-03-17 17:07:35.716619+00', '14', 'true'), ('2', '9', 'false', '2025-03-17 17:08:56.686128+00', '2025-03-17 17:08:56.686128+00', '16', 'false');

-- INSERT INTO "public"."student" ("id", "first_name", "last_name", "email", "password", "age", "height", "weight", "pathologies", "occupation", "created_at", "updated_at", "birthday") VALUES ('1', 'Student1', 'Doe', 'chris@example.com', '$2b$10$vUrQNXfjFZt7vXxaLn27Eu.GdkzMYzbDF9x2.3T/EcVyrshySMKLS', null, '180', '80', 'Allergies to dry air', 'Any', '2025-03-13 02:26:32.747084+00', '2025-03-13 02:26:32.747084+00', '2025-03-04'), ('2', 'Instructor2', 'Doe', 'instructor2@example.com', '$2b$10$uli1dFzKSNqdCCqEkSmJzOdO3ST2C5MMu7m0dEe/a1YvNWOIDm55q', null, null, null, null, null, '2025-03-15 10:52:35.889303+00', '2025-03-15 10:52:35.889303+00', null);

-- INSERT INTO "public"."studio_student" ("studio_id", "student_id", "is_approved", "created_at", "updated_at", "studio_student_id") VALUES ('1', '2', 'true', '2025-03-15 11:50:59.119226+00', '2025-03-15 11:51:25.748768+00', '2'), ('1', '1', 'true', '2025-03-17 18:01:54.545155+00', '2025-03-17 18:04:29.166912+00', '12');

-- INSERT INTO "public"."lessons" ("lesson_id", "instructions", "level", "reps", "studio_id", "title", "video_url", "created_at", "updated_at") VALUES ('1', 'Instructions are here ', 'Intermediate', '3', '1', 'Pilates lesson 1', 'https://www.youtube.com/watch?v=ezke0GlKeM4', '2025-03-14 12:15:11.324414+00', '2025-03-14 12:15:11.324414+00'), ('2', 'bla bla bla', 'Intermediate', '5', '1', 'Pilates Lesson 2', 'https://www.youtube.com/watch?v=ezke0GlKeM4', '2025-03-14 12:15:33.286486+00', '2025-03-14 12:15:33.286486+00');

-- INSERT INTO "public"."student_lessons" ("student_id", "lesson_id", "is_completed", "created_at", "updated_at", "student_lesson_id") VALUES ('2', '1', 'false', '2025-03-15 00:00:00+00', '2025-03-17 15:48:25.073675+00', '3'), ('2', '2', 'false', '2025-03-15 00:00:00+00', '2025-03-15 11:52:10.234731+00', '4'), ('1', '1', 'true', '2025-03-19 00:00:00+00', '2025-03-19 09:37:44.207221+00', '6');